{
  "version": "1.1.0",
  "diagrams": [
    {
      "ordinal": 0,
      "scrollPosition": {
        "x": 0,
        "y": 0
      },
      "nodes": [
        {
          "location": {
            "x": 2.0750123930575342,
            "y": 1.4191038885478235
          },
          "nodeIndex": "balanceSheetHistory_annually",
          "nodeLineageTag": "f1688700-c288-4c25-9704-5325d099a24f",
          "size": {
            "height": 300,
            "width": 234
          },
          "zIndex": 1
        },
        {
          "location": {
            "x": 250,
            "y": 0
          },
          "nodeIndex": "balanceSheetHistory_quarterly",
          "nodeLineageTag": "44cea06a-af6d-4c8f-ad0a-ee3b3b9b8601",
          "size": {
            "height": 300,
            "width": 234
          },
          "zIndex": 2
        },
        {
          "location": {
            "x": 509.07501239305759,
            "y": 0
          },
          "nodeIndex": "cashflowStatement_annually",
          "nodeLineageTag": "dbbce7c2-e0f0-4718-92ae-c235b7c899a2",
          "size": {
            "height": 300,
            "width": 234
          },
          "zIndex": 3
        },
        {
          "location": {
            "x": 0,
            "y": 532.109582459961
          },
          "nodeIndex": "cashflowStatement_quarterly",
          "nodeLineageTag": "a57737d0-ca23-4a14-8a80-9fa3566a2fbe",
          "size": {
            "height": 300,
            "width": 234
          },
          "zIndex": 8
        },
        {
          "location": {
            "x": 609.32594769793809,
            "y": 615.110078182263
          },
          "nodeIndex": "incomeStatementHistory_annually",
          "nodeLineageTag": "d99891df-6f82-4d14-aaa8-5256fce84778",
          "size": {
            "height": 300,
            "width": 234
          },
          "zIndex": 4
        },
        {
          "location": {
            "x": 284.57075142327341,
            "y": 508.69492553305327
          },
          "nodeIndex": "incomeStatementHistory_quarterly",
          "nodeLineageTag": "43dc9c02-4d72-49d0-a697-26202bd953dd",
          "size": {
            "height": 300,
            "width": 234
          },
          "zIndex": 6
        },
        {
          "location": {
            "x": 1061.4019515355994,
            "y": 158.05908905596937
          },
          "nodeIndex": "Date",
          "nodeLineageTag": "15aa4757-28bc-45c2-aab2-f514e4f1ce96",
          "size": {
            "height": 200,
            "width": 234
          },
          "zIndex": 5
        },
        {
          "location": {
            "x": 1019.6250058255644,
            "y": 527.41129502021317
          },
          "nodeIndex": "Stock",
          "nodeLineageTag": "dadb2cf8-eeab-4a27-8adc-f7a96e01d13e",
          "size": {
            "height": 200,
            "width": 234
          },
          "zIndex": 7
        }
      ],
      "name": "All tables",
      "zoomValue": 48.192483251942946,
      "pinKeyFieldsToTop": false,
      "showExtraHeaderInfo": false,
      "hideKeyFieldsWhenCollapsed": false,
      "tablesLocked": false
    }
  ],
  "selectedDiagram": "All tables",
  "defaultDiagram": "All tables"
}